

{
    "$schema": "https://schema.management.azure.com/schemas/2019-04-01/deploymentTemplate.json#",
    "contentVersion": "1.0.0.0",
    "parameters": {
        "resourcename": {
            "type": "string",
            "metadata": {
                "description": "Name resource Azure VM Image Builder"
            }
        },
        "apiVersion": {
            "type": "string",
            "metadata": {
                "description": "apiVersion Azure VM Image Builder"
            }
        },
        "manageidentityId": {
            "type": "string",
            "metadata": {
                "description": "Manage Identity to Azure VM Image Builder"
            }
        },      
        "vmSize": {
            "type": "string",
            "metadata": {
                "description": "vmSize Azure VM Image Builder"
            }
        },
        "subnetId": {
            "type": "string",
            "metadata": {
                "description": "subnetId Azure VM Image Builder"
            }
        },
        "publisher": {
            "type": "string",
            "metadata": {
                "description": "The organization that created the image. Examples: Canonical, MicrosoftWindowsServer"
            }
        },
        "offer": {
            "type": "string",
            "metadata": {
                "description": "The name of a group of related images created by a publisher. Examples: UbuntuServer, WindowsServer"
            }
        },
        "sku": {
            "type": "string",
            "metadata": {
                "description": "An instance of an offer, such as a major release of a distribution. Examples: 18.04-LTS, 2019-Datacenter"
            }
        },
        "version": {
            "type": "string",
            "metadata": {
                "description": "The version number of an image SKU."
            }
        },
        "galleryImageId": {
            "type": "string",
            "metadata": {
                "description": "galleryImageId to distribute the image."
            }
        },
        "runOutputName": {
            "type": "string",
            "metadata": {
                "description": "runOutputName distribution version."
            }
        },
        "replicationRegions": {
        "type": "array",
        "defaultValue": [],
        "metadata": {
            "description": "List the regions in Azure where you would like to replicate the custom image after it is created."
        }
        },
        "ownerTag": {
            "type": "string",
            "metadata": {
                "description": "Owner tag"
            }
        },
        "engagementCodeTag": {
            "type": "string",
            "metadata": {
                "description": "Engagement Code tag"
            }
        },
        "applicationNameTag": {
            "type": "string",
            "metadata": {
                "description": "Application tag"
            }
        },
        "lobTag": {
            "type": "string",
            "metadata": {
                "description": "LOB tag"
            }
        },
        "environmentTag": {
            "type": "string",
            "metadata": {
                "description": "Environment tag"
            }
        },
        "repositoryidTag": {
            "type": "string",
            "metadata": {
                "description": "Repository name tag"
            }
        }
    },
    "variables": {},
    "resources": [
        {
            "name": "[parameters('resourcename')]",
            "type": "Microsoft.VirtualMachineImages/imageTemplates",
            "apiVersion": "[parameters('apiVersion')]",            
            "location": "[resourceGroup().location]",
            "identity": {
                "type": "UserAssigned",
                        "userAssignedIdentities": {
                            "[parameters('manageidentityId')]": {}
                    
            }
            },
            "dependsOn": [],
            "tags": {
              "Owner": "[parameters('ownerTag')]",
              "Environment": "[parameters('environmentTag')]",
              "Engagement": "[parameters('engagementCodeTag')]",
              "LOB": "[parameters('lobTag')]",
              "Application": "[parameters('applicationNameTag')]",
              "RepositoryID": "[parameters('repositoryidTag')]"
        },
            "properties": {

                "buildTimeoutInMinutes" : 240,

                 "vmProfile": {
                    "vmSize": "[parameters('vmSize')]",
                    "osDiskSizeGB": 128,
                    "vnetConfig": {
                        "subnetId": "[parameters('subnetId')]"
                    }
                },
                "source": {
                    "type": "PlatformImage",
                    "publisher": "[parameters('publisher')]",
                    "offer": "[parameters('offer')]",
                    "sku": "[parameters('sku')]",
                    "version": "[parameters('version')]"
                },
    "distribute":
        [
            {   
                "type": "SharedImage",
                "galleryImageId": "[parameters('galleryImageId')]",
                "runOutputName": "[parameters('runOutputName')]",
                "artifactTags": {
                    "source": "azureVmImageBuilder",
                    "baseosimg": "WinServer2019dc:latest"
                },
               "replicationRegions": "[parameters('replicationRegions')]"
            }
        ]
    }
   }
 ],
    "outputs": {
      "galleryImageId": {
        "type": "string",
        "value": "[parameters('galleryImageId')]"
      },
      "runOutputName": {
        "type": "string",
        "value": "[parameters('runOutputName')]"
      },
      "apiVersion": {
        "type": "string",
        "value": "[parameters('apiVersion')]"
      }
    }
}